{"School":{"Id":280001220,"Name":"Gateway To College","CountyId":28,"DistrictId":280001,"Lat":41.272098541259766,"Lon":-95.95020294189453},"EnrollmentByYear":[]}