{"School":{"Id":280066024,"Name":"Westside Career Center","CountyId":28,"DistrictId":280066,"Lat":41.217201232910156,"Lon":-96.05860137939453},"EnrollmentByYear":[]}