{"School":{"Id":280066025,"Name":"Underwood Hills Focus School","CountyId":28,"DistrictId":280066,"Lat":41.27050018310547,"Lon":-96.05290222167969},"EnrollmentByYear":[]}